matter_id,file_no,portal_http,file_match,title_match,type_match,status_match,intro_match,site_page,note
9958,193244,200,exact,exact,exact,exact,exact,yes,
14480,197758,200,exact,exact,exact,exact,exact,yes,
18157,201459,200,exact,exact,exact,exact,exact,yes,
11462,194761,200,exact,exact,exact,exact,exact,yes,
14291,197489,200,exact,exact,exact,exact,exact,yes,
3568,23-0993,200,exact,exact,exact,exact,exact,yes,
30159,213482,200,exact,exact,exact,exact,exact,yes,
34640,26-1036,200,exact,exact,exact,exact,exact,yes,
27755,211034,200,exact,exact,exact,exact,exact,yes,
28683,211946,200,exact,exact,exact,exact,exact,yes,
21212,204483,200,exact,exact,exact,exact,exact,yes,
32376,25-0777,200,exact,exact,exact,exact,exact,yes,
21184,204468,200,exact,exact,exact,exact,exact,yes,
21838,205104,200,exact,exact,exact,exact,exact,yes,
4184,23-1548,200,exact,exact,exact,exact,exact,yes,
8930,192223,200,exact,exact,exact,exact,exact,yes,
16432,199783,200,exact,exact,exact,exact,exact,yes,
28622,211896,200,exact,exact,exact,exact,exact,yes,
18663,201941,200,exact,exact,exact,exact,exact,yes,
31035,24-1305,200,exact,exact,exact,exact,exact,yes,
7769,191116,200,exact,exact,exact,exact,exact,yes,
9782,193124,200,exact,exact,exact,exact,exact,yes,
12300,195592,200,exact,exact,exact,exact,exact,yes,
2759,23-0273,200,exact,exact,exact,exact,exact,yes,
21967,205249,200,exact,exact,exact,exact,exact,yes,
20447,203715,200,exact,exact,exact,exact,exact,yes,
4861,24-0275,200,exact,exact,exact,exact,exact,yes,
32542,25-0938,200,exact,exact,exact,exact,exact,yes,
15808,199085,200,exact,exact,exact,exact,exact,yes,
33164,25-1523,200,exact,exact,exact,exact,exact,yes,
32979,25-1348,200,exact,exact,exact,exact,exact,yes,
16924,200337,200,exact,exact,exact,exact,exact,yes,
19982,203262,200,exact,exact,exact,exact,exact,yes,
10278,193570,200,exact,exact,exact,exact,exact,yes,
3525,23-0958,200,exact,exact,exact,exact,exact,yes,
27418,210704,200,exact,exact,exact,exact,exact,yes,
25225,208480,200,exact,exact,exact,exact,exact,yes,
11067,194352,200,exact,exact,exact,exact,exact,yes,
34728,26-1118,200,exact,exact,exact,exact,exact,yes,
18440,201708,200,exact,exact,exact,exact,exact,yes,
19184,202472,200,exact,exact,exact,exact,exact,yes,
16484,199659,200,exact,exact,exact,exact,exact,yes,
11728,195009,200,exact,exact,exact,exact,exact,yes,
33556,26-0022,200,exact,exact,exact,exact,exact,yes,
34795,26-1179,200,exact,exact,exact,exact,exact,yes,
14350,197629,200,exact,exact,exact,exact,exact,yes,
15876,199111,200,exact,exact,exact,exact,exact,yes,
19276,202560,200,exact,exact,exact,exact,exact,yes,
13117,196402,200,exact,exact,exact,exact,exact,yes,
21672,204955,200,exact,exact,exact,exact,exact,yes,
17239,200545,200,exact,exact,exact,exact,exact,yes,
23766,207052,200,exact,exact,exact,exact,exact,yes,
25500,208736,200,exact,exact,exact,exact,exact,yes,
26170,209521,200,exact,exact,exact,exact,exact,yes,
13616,196890,200,exact,exact,exact,exact,exact,yes,
30873,24-1151,200,exact,exact,exact,exact,exact,yes,
14240,197560,200,exact,exact,exact,exact,exact,yes,
9906,193196,200,exact,exact,exact,exact,exact,yes,
8973,192273,200,exact,exact,exact,exact,exact,yes,
30228,213627,200,exact,exact,exact,exact,exact,yes,
13331,196653,200,exact,exact,exact,exact,exact,yes,
5459,24-0848,200,exact,exact,exact,exact,exact,yes,
20840,204120,200,exact,exact,exact,exact,exact,yes,
29246,212538,200,exact,exact,exact,exact,exact,yes,
25838,209096,200,exact,exact,exact,exact,exact,yes,
27659,210929,200,exact,exact,exact,exact,exact,yes,
11711,195028,200,exact,exact,exact,exact,exact,yes,
16370,199741,200,exact,exact,exact,exact,exact,yes,
21852,205069,200,exact,exact,exact,exact,exact,yes,
15015,198299,200,exact,exact,exact,exact,exact,yes,
28911,212171,200,exact,exact,exact,exact,exact,yes,
18856,202135,200,exact,exact,exact,exact,exact,yes,
20512,203789,200,exact,exact,exact,exact,exact,yes,
22878,206134,200,exact,exact,exact,exact,exact,yes,
29598,212816,200,exact,exact,exact,exact,exact,yes,
12149,195450,200,exact,exact,exact,exact,exact,yes,
5680,189037,200,exact,exact,exact,exact,exact,yes,
26799,210104,200,exact,exact,exact,exact,exact,yes,
26223,209507,200,exact,exact,exact,exact,exact,yes,
9167,192440,200,exact,exact,exact,exact,exact,yes,
2992,23-0471,200,exact,exact,exact,exact,exact,yes,
16382,199737,200,exact,exact,exact,exact,exact,yes,
22285,205650,200,exact,exact,exact,exact,exact,yes,
12641,195925,200,exact,exact,exact,exact,exact,yes,
31604,25-0053,200,exact,exact,exact,exact,exact,yes,
34436,26-0845,200,exact,exact,exact,exact,exact,yes,
8243,191473,200,exact,exact,exact,exact,exact,yes,
20707,204075,200,exact,exact,exact,exact,exact,yes,
13233,196501,200,exact,exact,exact,exact,exact,yes,
22681,205999,200,exact,exact,exact,exact,exact,yes,
32133,25-0538,200,exact,exact,exact,exact,exact,yes,
24028,207269,200,exact,exact,exact,exact,exact,yes,
4246,23-1597,200,exact,exact,exact,exact,exact,yes,
29491,212900,200,exact,exact,exact,exact,exact,yes,
22300,205469,200,exact,exact,exact,exact,exact,yes,
29750,213029,200,exact,exact,exact,exact,exact,yes,
27479,210733,200,exact,exact,exact,exact,exact,yes,
15983,199255,200,exact,exact,exact,exact,exact,yes,
24075,207388,200,exact,exact,exact,exact,exact,yes,
9897,193188,200,exact,exact,exact,exact,exact,yes,
19782,203090,200,exact,exact,exact,exact,exact,yes,
13033,196312,200,exact,exact,exact,exact,exact,yes,
6913,190207,200,exact,exact,exact,exact,exact,yes,
23533,206814,200,exact,exact,exact,exact,exact,yes,
23026,206306,200,exact,exact,exact,exact,exact,yes,
29660,213004,200,exact,exact,exact,exact,exact,yes,
23621,206899,200,exact,exact,exact,exact,exact,yes,
6006,189246,200,exact,exact,exact,exact,exact,yes,
8684,191976,200,exact,exact,exact,exact,exact,yes,
18327,201596,200,exact,exact,exact,exact,exact,yes,
31923,25-0340,200,exact,exact,exact,exact,exact,yes,
21671,204956,200,exact,exact,exact,exact,exact,yes,
12273,195555,200,exact,exact,exact,exact,exact,yes,
30482,213871,200,exact,exact,exact,exact,exact,yes,
33585,26-0051,200,exact,exact,exact,MISMATCH,exact,yes,status: ours '' vs ''; 
31731,25-0172,200,exact,exact,exact,exact,exact,yes,
30805,24-1084,200,exact,exact,exact,exact,exact,yes,
19257,202521,200,exact,exact,exact,exact,exact,yes,
3464,23-0909,200,exact,exact,exact,exact,exact,yes,
12831,196127,200,exact,exact,exact,exact,exact,yes,
27227,210480,200,exact,exact,exact,exact,exact,yes,
19875,203175,200,exact,exact,exact,exact,exact,yes,
33748,26-0192,200,exact,exact,exact,exact,exact,yes,
20119,203425,200,exact,exact,exact,exact,exact,yes,
13655,196936,200,exact,exact,exact,exact,exact,yes,
20333,203604,200,exact,exact,exact,exact,exact,yes,
34253,26-0673,200,exact,exact,exact,exact,exact,yes,
27974,211271,200,exact,exact,exact,exact,exact,yes,
13285,196485,200,exact,exact,exact,exact,exact,yes,
13020,196302,200,exact,exact,exact,exact,exact,yes,
2181,22-1893,200,exact,exact,exact,exact,exact,yes,
5854,188979,200,exact,exact,exact,exact,exact,yes,
34579,26-0977,200,exact,exact,exact,exact,exact,yes,
6398,189681,200,exact,exact,exact,exact,exact,yes,
17765,201044,200,exact,exact,exact,exact,exact,yes,
9251,192547,200,exact,exact,exact,exact,exact,yes,
16245,199538,200,exact,exact,exact,exact,exact,yes,
26227,209511,200,exact,exact,exact,exact,exact,yes,
27677,210954,200,exact,exact,exact,exact,exact,yes,
16997,200391,200,exact,exact,exact,exact,exact,yes,
8610,191920,200,exact,exact,exact,exact,exact,yes,
31600,25-0049,200,exact,exact,exact,exact,exact,yes,
9041,192341,200,exact,exact,exact,exact,exact,yes,
11300,194639,200,exact,exact,exact,exact,exact,yes,
26392,209720,200,exact,exact,exact,exact,exact,yes,
18909,202175,200,exact,exact,exact,exact,exact,yes,
13200,196561,200,exact,exact,exact,exact,exact,yes,
12421,195694,200,exact,exact,exact,exact,exact,yes,
21298,204576,200,exact,exact,exact,exact,exact,yes,
1459,22-1322,200,exact,exact,exact,exact,exact,yes,
34754,26-1140,200,exact,exact,exact,exact,exact,yes,
10653,193945,200,exact,exact,exact,exact,exact,yes,
28084,211333,200,exact,exact,exact,exact,exact,yes,
23251,206553,200,exact,exact,exact,exact,exact,yes,
16003,199334,200,exact,exact,exact,exact,exact,yes,
18975,202286,200,exact,exact,exact,exact,exact,yes,
29745,213039,200,exact,exact,exact,exact,exact,yes,
26014,209327,200,exact,exact,exact,exact,exact,yes,
27608,210889,200,exact,exact,exact,exact,exact,yes,
8035,191342,200,exact,exact,exact,exact,exact,yes,
24595,207878,200,exact,exact,exact,exact,exact,yes,
11298,194551,200,exact,exact,exact,exact,exact,yes,
17135,200456,200,exact,exact,exact,exact,exact,yes,
23080,206362,200,exact,exact,exact,exact,exact,yes,
1384,22-0065,200,exact,exact,exact,exact,exact,yes,
14217,197581,200,exact,exact,exact,exact,exact,yes,
23932,207161,200,exact,exact,exact,exact,exact,yes,
8056,191353,200,exact,exact,exact,exact,exact,yes,
15024,198307,200,exact,exact,exact,exact,exact,yes,
4761,24-0185,200,exact,exact,exact,exact,exact,yes,
24001,207341,200,exact,exact,exact,exact,exact,yes,
12631,195920,200,exact,exact,exact,exact,exact,yes,
18734,202020,200,exact,exact,exact,exact,exact,yes,
6917,190211,200,exact,exact,exact,exact,exact,yes,
18794,202057,200,exact,exact,exact,exact,exact,yes,
30739,24-1027,200,exact,exact,exact,exact,exact,yes,
28887,212126,200,exact,exact,exact,exact,exact,yes,
15056,198313,200,exact,exact,exact,exact,exact,yes,
30077,213433,200,exact,exact,exact,exact,exact,yes,
33949,26-0382,200,exact,exact,exact,exact,exact,yes,
12616,195844,200,exact,exact,exact,exact,exact,yes,
15395,198676,200,exact,exact,exact,exact,exact,yes,
28618,211867,200,exact,exact,exact,exact,exact,yes,
4750,24-0174,200,exact,exact,exact,exact,exact,yes,
16762,200033,200,exact,exact,exact,exact,exact,yes,
2751,23-0265,200,exact,exact,exact,exact,exact,yes,
13987,197307,200,exact,exact,exact,exact,exact,yes,
13858,197533,200,exact,exact,exact,exact,exact,yes,
25339,208596,200,exact,exact,exact,exact,exact,yes,
17701,200987,200,exact,exact,exact,exact,exact,yes,
31405,24-1645,200,exact,exact,exact,exact,exact,yes,
30332,213719,200,exact,exact,exact,exact,exact,yes,
22771,206038,200,exact,exact,exact,exact,exact,yes,
29768,213102,200,exact,exact,exact,exact,exact,yes,
5347,24-0742,200,exact,exact,exact,exact,exact,yes,
12106,195375,200,exact,exact,exact,exact,exact,yes,
17154,200554,200,exact,exact,exact,exact,exact,yes,
20678,204027,200,exact,exact,exact,exact,exact,yes,
11414,194677,200,exact,exact,exact,exact,exact,yes,
20637,203918,200,exact,exact,exact,exact,exact,yes,
6246,189443,200,exact,exact,exact,exact,exact,yes,
24921,208165,200,exact,exact,exact,exact,exact,yes,
34362,26-0775,200,exact,exact,exact,exact,exact,yes,
20256,203556,200,exact,exact,exact,exact,exact,yes,
19371,202650,200,exact,exact,exact,exact,exact,yes,
30144,213501,200,exact,exact,exact,exact,exact,yes,
10171,193537,200,exact,exact,exact,exact,exact,yes,
26210,209494,200,exact,exact,exact,exact,exact,yes,
18537,201817,200,exact,exact,exact,exact,exact,yes,
10965,194257,200,exact,exact,exact,exact,exact,yes,
11940,195281,200,exact,exact,exact,exact,exact,yes,
26383,209725,200,exact,exact,exact,exact,exact,yes,
10216,193446,200,exact,exact,exact,exact,exact,yes,
26722,210030,200,exact,exact,exact,exact,exact,yes,
28200,211543,200,exact,exact,exact,exact,exact,yes,
26212,209496,200,exact,exact,exact,exact,exact,yes,
14214,197578,200,exact,exact,exact,exact,exact,yes,
25318,208625,200,exact,exact,exact,exact,exact,yes,
20998,204299,200,exact,exact,exact,exact,exact,yes,
16120,199396,200,exact,exact,exact,exact,exact,yes,
7747,191045,200,exact,exact,exact,exact,exact,yes,
29528,212906,200,exact,exact,exact,exact,exact,yes,
24622,207906,200,exact,exact,exact,exact,exact,yes,
20209,203518,200,exact,exact,exact,exact,exact,yes,
31181,24-1439,200,exact,exact,exact,exact,exact,yes,
34301,26-0718,200,exact,exact,exact,exact,exact,yes,
7444,190788,200,exact,exact,exact,exact,exact,yes,
12607,195887,200,exact,exact,exact,exact,exact,yes,
29008,212236,200,exact,exact,exact,exact,exact,yes,
16055,199343,200,exact,exact,exact,exact,exact,yes,
8948,192255,200,exact,exact,exact,exact,exact,yes,
27599,210843,200,exact,exact,exact,exact,exact,yes,
16046,199275,200,exact,exact,exact,exact,exact,yes,
6288,189614,200,exact,exact,exact,exact,exact,yes,
19202,202481,200,exact,exact,exact,exact,exact,yes,
17830,201195,200,exact,exact,exact,exact,exact,yes,
18375,201657,200,exact,exact,exact,exact,exact,yes,
26500,209781,200,exact,exact,exact,exact,exact,yes,
30521,213912,200,exact,exact,exact,exact,exact,yes,
31930,25-0347,200,exact,exact,exact,exact,exact,yes,
8549,191824,200,exact,exact,exact,exact,exact,yes,
26964,210268,200,exact,exact,exact,exact,exact,yes,
23306,206715,200,exact,exact,exact,exact,exact,yes,
33066,25-1425,200,exact,exact,exact,exact,exact,yes,
15693,199022,200,exact,exact,exact,exact,exact,yes,
23857,207219,200,exact,exact,exact,exact,exact,yes,
16607,199873,200,exact,exact,exact,exact,exact,yes,
28723,212045,200,exact,exact,exact,exact,exact,yes,
17933,201121,200,exact,exact,exact,exact,exact,yes,
9043,192288,200,exact,exact,exact,exact,exact,yes,
21788,205129,200,exact,exact,exact,exact,exact,yes,
10817,194066,200,exact,exact,exact,exact,exact,yes,
27853,211203,200,exact,exact,exact,exact,exact,yes,
7861,191103,200,exact,exact,exact,exact,exact,yes,
23549,206833,200,exact,exact,exact,exact,exact,yes,
26834,210113,200,exact,exact,exact,exact,exact,yes,
19595,202895,200,exact,exact,exact,exact,exact,yes,
6226,189559,200,exact,exact,exact,exact,exact,yes,
26746,209990,200,exact,exact,exact,exact,exact,yes,
28630,211841,200,exact,exact,exact,exact,exact,yes,
3534,23-0967,200,exact,exact,exact,exact,exact,yes,
30860,24-1138,200,exact,exact,exact,exact,exact,yes,
4722,24-0149,200,exact,exact,exact,exact,exact,yes,
8994,192316,200,exact,exact,exact,exact,exact,yes,
18992,202314,200,exact,exact,exact,exact,exact,yes,
8408,191713,200,exact,exact,exact,exact,exact,yes,
26068,209348,200,exact,exact,exact,exact,exact,yes,
28694,211989,200,exact,exact,exact,exact,exact,yes,
20544,203893,200,exact,exact,exact,exact,exact,yes,
14970,198264,200,exact,exact,exact,exact,exact,yes,
24547,207858,200,exact,exact,exact,exact,exact,yes,
11746,195030,200,exact,exact,exact,exact,exact,yes,
19728,202986,200,exact,exact,exact,exact,exact,yes,
20486,203782,200,exact,exact,exact,exact,exact,yes,
31531,24-1764,200,exact,exact,exact,exact,exact,yes,
15346,198621,200,exact,exact,exact,exact,exact,yes,
11008,194991,200,exact,exact,exact,exact,exact,yes,
22388,205680,200,exact,exact,exact,exact,exact,yes,
13246,196439,200,exact,exact,exact,exact,exact,yes,
30748,24-1036,200,exact,exact,exact,exact,exact,yes,
19987,203259,200,exact,exact,exact,exact,exact,yes,
13677,196959,200,exact,exact,exact,exact,exact,yes,
13199,196560,200,exact,exact,exact,exact,exact,yes,
25919,209249,200,exact,exact,exact,exact,exact,yes,
34179,26-0607,200,exact,exact,exact,exact,exact,yes,
3325,23-0788,200,exact,exact,exact,exact,exact,yes,
33767,26-0210,200,exact,exact,exact,exact,exact,yes,
17660,200895,200,exact,exact,exact,exact,exact,yes,
20466,203760,200,exact,exact,exact,exact,exact,yes,
1583,22-0468,200,exact,exact,exact,exact,exact,yes,
4890,24-0304,200,exact,exact,exact,exact,exact,yes,
18102,201381,200,exact,exact,exact,exact,exact,yes,
31723,25-0166,200,exact,exact,exact,exact,exact,yes,
16692,199966,200,exact,exact,exact,exact,exact,yes,
11380,194683,200,exact,exact,exact,exact,exact,yes,
12741,196027,200,exact,exact,exact,exact,exact,yes,
18882,202160,200,exact,exact,exact,exact,exact,yes,
26114,209388,200,exact,exact,exact,exact,exact,yes,
5962,189355,200,exact,exact,exact,exact,exact,yes,
21998,205301,200,exact,exact,exact,exact,exact,yes,
2053,22-1765,200,exact,exact,exact,exact,exact,yes,
15854,199226,200,exact,exact,exact,exact,exact,yes,
21560,204843,200,exact,exact,exact,exact,exact,yes,
14020,197337,200,exact,exact,exact,exact,exact,yes,
33691,26-0139,200,exact,exact,exact,exact,exact,yes,
3481,23-0924,200,exact,exact,exact,exact,exact,yes,
18684,201963,200,exact,exact,exact,exact,exact,yes,
1424,22-1164,200,exact,exact,exact,exact,exact,yes,
9833,193173,200,exact,exact,exact,exact,exact,yes,
21114,204386,200,exact,exact,exact,exact,exact,yes,
29519,212786,200,exact,exact,exact,exact,exact,yes,
26702,209984,200,exact,exact,exact,exact,exact,yes,
22340,205441,200,exact,exact,exact,exact,exact,yes,
28452,211792,200,exact,exact,exact,exact,exact,yes,
18888,202164,200,exact,exact,exact,exact,exact,yes,
19138,202415,200,exact,exact,exact,exact,exact,yes,
25885,209169,200,exact,exact,exact,exact,exact,yes,
20405,203683,200,exact,exact,exact,exact,exact,yes,
14893,198158,200,exact,exact,exact,exact,exact,yes,
19391,202615,200,exact,exact,exact,exact,exact,yes,
14568,197858,200,exact,exact,exact,exact,exact,yes,
19002,202273,200,exact,exact,exact,exact,exact,yes,
21547,204790,200,exact,exact,exact,exact,exact,yes,
30519,213917,200,exact,exact,exact,exact,exact,yes,
22207,205566,200,exact,exact,exact,exact,exact,yes,
25274,208503,200,exact,exact,exact,exact,exact,yes,
4145,23-1512,200,exact,exact,exact,exact,exact,yes,
2693,23-0222,200,exact,exact,exact,exact,exact,yes,
25300,208568,200,exact,exact,exact,exact,exact,yes,
24946,208229,200,exact,exact,exact,exact,exact,yes,
34687,26-1079,200,exact,exact,exact,exact,exact,yes,
24371,207669,200,exact,exact,exact,exact,exact,yes,
9797,193139,200,exact,exact,exact,exact,exact,yes,
12856,196136,200,exact,exact,exact,exact,exact,yes,
17077,200392,200,exact,exact,exact,exact,exact,yes,
22506,205783,200,exact,exact,exact,exact,exact,yes,
18593,201912,200,exact,exact,exact,exact,exact,yes,
25026,208307,200,exact,exact,exact,exact,exact,yes,
25839,209128,200,exact,exact,exact,exact,exact,yes,
23126,206394,200,exact,exact,exact,exact,exact,yes,
18189,201470,200,exact,exact,exact,exact,exact,yes,
9892,193094,200,exact,exact,exact,exact,exact,yes,
31963,25-0378,200,exact,exact,exact,exact,exact,yes,
8228,191494,200,exact,exact,exact,exact,exact,yes,
26909,210175,200,exact,exact,exact,exact,exact,yes,
3660,23-1075,200,exact,exact,exact,exact,exact,yes,
17237,200510,200,exact,exact,exact,exact,exact,yes,
29882,213213,200,exact,exact,exact,exact,exact,yes,
27830,211150,200,exact,exact,exact,exact,exact,yes,
22463,205776,200,exact,exact,exact,exact,exact,yes,
28331,211610,200,exact,exact,exact,exact,exact,yes,
4608,24-0047,200,exact,exact,exact,exact,exact,yes,
19400,202676,200,exact,exact,exact,exact,exact,yes,
16543,199685,200,exact,exact,exact,exact,exact,yes,
31390,24-1631,200,exact,exact,exact,exact,exact,yes,
21749,204993,200,exact,exact,exact,exact,exact,yes,
9786,193128,200,exact,exact,exact,exact,exact,yes,
3812,23-1201,200,exact,exact,exact,exact,exact,yes,
2916,23-0397,200,exact,exact,exact,exact,exact,yes,
23344,206621,200,exact,exact,exact,exact,exact,yes,
22042,205322,200,exact,exact,exact,exact,exact,yes,
12079,195425,200,exact,exact,exact,exact,exact,yes,
19468,202713,200,exact,exact,exact,exact,exact,yes,
11700,194980,200,exact,exact,exact,exact,exact,yes,
21379,204603,200,exact,exact,exact,exact,exact,yes,
20156,203398,200,exact,exact,exact,exact,exact,yes,
9336,192627,200,exact,exact,exact,exact,exact,yes,
22327,205452,200,exact,exact,exact,exact,exact,yes,
28178,211512,200,exact,exact,exact,exact,exact,yes,
14335,197617,200,exact,exact,exact,exact,exact,yes,
31931,25-0348,200,exact,exact,exact,exact,exact,yes,
8170,191444,200,exact,exact,exact,exact,exact,yes,
18165,201454,200,exact,exact,exact,exact,exact,yes,
6904,190212,200,exact,exact,exact,exact,exact,yes,
11626,194916,200,exact,exact,exact,exact,exact,yes,
30388,213802,200,exact,exact,exact,exact,exact,yes,
22298,205576,200,exact,exact,exact,exact,exact,yes,
1595,22-0310,200,exact,exact,exact,exact,exact,yes,
19764,203050,200,exact,exact,exact,exact,exact,yes,
15726,198945,200,exact,exact,exact,exact,exact,yes,
6200,189415,200,exact,exact,exact,exact,exact,yes,
6940,190249,200,exact,exact,exact,exact,exact,yes,
30240,213648,200,exact,exact,exact,exact,exact,yes,
9776,193118,200,exact,exact,exact,exact,exact,yes,
3366,23-0822,200,exact,exact,exact,exact,exact,yes,
25200,208520,200,exact,exact,exact,exact,exact,yes,
25761,209045,200,exact,exact,exact,exact,exact,yes,
9915,193275,200,exact,exact,exact,exact,exact,yes,
10140,193428,200,exact,exact,exact,exact,exact,none,
32046,25-0453,200,exact,exact,exact,exact,exact,none,
21437,204724,200,exact,exact,exact,exact,exact,none,
20903,204190,200,exact,exact,exact,exact,exact,none,
17518,200826,200,exact,exact,exact,exact,exact,none,
8769,192062,200,exact,exact,exact,exact,exact,yes,
13132,196413,200,exact,exact,exact,exact,exact,yes,
4090,23-1459,200,exact,exact,exact,exact,exact,none,
12646,195944,200,exact,exact,exact,exact,exact,yes,
21629,204881,200,exact,exact,exact,exact,exact,yes,
22521,205844,200,exact,exact,exact,exact,exact,yes,
18908,202174,200,exact,exact,exact,exact,exact,yes,
20286,203561,200,exact,exact,exact,exact,exact,yes,
8704,192016,200,exact,exact,exact,exact,exact,yes,
14173,197510,200,exact,exact,exact,exact,exact,yes,
13557,196812,200,exact,exact,exact,exact,exact,yes,
12690,195912,200,exact,exact,exact,exact,exact,yes,
11937,195222,200,exact,exact,exact,exact,exact,yes,
26198,209532,200,exact,exact,exact,exact,exact,yes,
3217,23-0680,200,exact,exact,exact,exact,exact,yes,
14345,197627,200,exact,exact,exact,exact,exact,yes,
21855,205142,200,exact,exact,exact,exact,exact,yes,
27414,210696,200,exact,exact,exact,exact,exact,yes,
21117,204392,200,exact,exact,exact,exact,exact,yes,
11109,194398,200,exact,exact,exact,exact,exact,yes,
1494,22-0277,200,exact,exact,exact,exact,exact,yes,
17644,200873,200,exact,exact,exact,exact,exact,yes,
11035,194311,200,exact,exact,exact,exact,exact,yes,
26288,209599,200,exact,exact,exact,exact,exact,yes,
26960,210262,200,exact,exact,exact,exact,exact,yes,
2567,23-0108,200,exact,exact,exact,exact,exact,yes,
26599,209804,200,exact,exact,exact,exact,exact,yes,
11559,194880,200,exact,exact,exact,exact,exact,yes,
10143,193432,200,exact,exact,exact,exact,exact,yes,
33853,26-0294,200,exact,exact,exact,exact,exact,yes,
21486,204771,200,exact,exact,exact,exact,exact,yes,
10754,194049,200,exact,exact,exact,exact,exact,yes,
3015,23-0490,200,exact,exact,exact,exact,exact,yes,
2840,23-0334,200,exact,exact,exact,exact,exact,yes,
8831,192120,200,exact,exact,exact,exact,exact,yes,
3343,23-0806,200,exact,exact,exact,exact,exact,yes,
27346,210616,200,exact,exact,exact,exact,exact,yes,
23113,206506,200,exact,exact,exact,exact,exact,yes,
15802,199062,200,exact,exact,exact,exact,exact,yes,
15166,198458,200,exact,exact,exact,exact,exact,yes,
19396,202672,200,exact,exact,exact,exact,exact,yes,
9737,193100,200,exact,exact,exact,exact,exact,yes,
10607,193912,200,exact,exact,exact,exact,exact,yes,
10157,193523,200,exact,exact,exact,exact,exact,yes,
8685,191978,200,exact,exact,exact,exact,exact,yes,
24227,207551,200,exact,exact,exact,exact,exact,yes,
9467,192764,200,exact,exact,exact,exact,exact,yes,
10481,193793,200,exact,exact,exact,exact,exact,yes,
15140,198416,200,exact,exact,exact,exact,exact,yes,
14739,197955,200,exact,exact,exact,exact,exact,yes,
9239,192529,200,exact,exact,exact,exact,exact,yes,
8829,192142,200,exact,exact,exact,exact,exact,yes,
28300,211584,200,exact,exact,exact,exact,exact,yes,
16399,199758,200,exact,exact,exact,exact,exact,yes,
18158,201460,200,exact,exact,exact,exact,exact,yes,
15674,199003,200,exact,exact,exact,exact,exact,yes,
31354,24-1596,200,exact,exact,exact,exact,exact,yes,
7634,190936,200,exact,exact,exact,exact,exact,yes,
28108,211384,200,exact,exact,exact,exact,exact,yes,
14722,197965,200,exact,exact,exact,exact,exact,yes,
18885,202163,200,exact,exact,exact,exact,exact,yes,
18809,202092,200,exact,exact,exact,exact,exact,yes,
16701,199975,200,exact,exact,exact,exact,exact,yes,
10582,193901,200,exact,exact,exact,exact,exact,yes,
10088,193376,200,exact,exact,exact,exact,exact,yes,
14053,197290,200,exact,exact,exact,exact,exact,yes,
6316,189576,200,exact,exact,exact,exact,exact,yes,
18608,201882,200,exact,exact,exact,exact,exact,yes,
21385,204680,200,exact,exact,exact,exact,exact,yes,
4840,24-0256,200,exact,exact,exact,exact,exact,yes,
32615,25-1009,200,exact,exact,exact,exact,exact,yes,
15144,198426,200,exact,exact,exact,exact,exact,yes,
16640,199915,200,exact,exact,exact,exact,exact,yes,
12237,195515,200,exact,exact,exact,exact,exact,yes,
6198,189420,200,exact,exact,exact,exact,exact,yes,
34033,26-0466,200,exact,exact,exact,exact,exact,yes,
33356,25-1709,200,exact,exact,exact,exact,exact,yes,
22115,205396,200,exact,exact,exact,exact,exact,yes,
11006,194301,200,exact,exact,exact,exact,exact,yes,
22169,205525,200,exact,exact,exact,exact,exact,yes,
12711,195979,200,exact,exact,exact,exact,exact,yes,
33124,25-1484,200,exact,exact,exact,exact,exact,yes,
24146,207354,200,exact,exact,exact,exact,exact,yes,
34008,26-0441,200,exact,exact,exact,exact,exact,yes,
31361,24-1603,200,exact,exact,exact,exact,exact,yes,
27817,211098,200,exact,exact,exact,exact,exact,yes,
6805,190143,200,exact,exact,exact,exact,exact,yes,
29912,213252,200,exact,exact,exact,exact,exact,yes,
27327,210595,200,exact,exact,exact,exact,exact,yes,
4159,23-1525,200,exact,exact,exact,exact,exact,yes,
5497,24-0877,200,exact,exact,exact,exact,exact,yes,
29183,212465,200,exact,exact,exact,exact,exact,yes,
28607,211894,200,exact,exact,exact,exact,exact,yes,
30193,213566,200,exact,exact,exact,exact,exact,yes,
23267,206510,200,exact,exact,exact,exact,exact,yes,
12107,195376,200,exact,exact,exact,exact,exact,yes,
33484,25-1820,200,exact,exact,exact,exact,exact,yes,
16241,199535,200,exact,exact,exact,exact,exact,yes,
19958,203237,200,exact,exact,exact,exact,exact,yes,
6843,190144,200,exact,exact,exact,exact,exact,yes,
33888,26-0327,200,exact,exact,exact,exact,exact,yes,
4367,23-1712,200,exact,exact,exact,exact,exact,yes,
14890,198173,200,exact,exact,exact,exact,exact,yes,
15743,198958,200,exact,exact,exact,exact,exact,yes,
15630,198783,200,exact,exact,exact,exact,exact,yes,
18434,201702,200,exact,exact,exact,exact,exact,yes,
16993,200386,200,exact,exact,exact,exact,exact,yes,
26642,209925,200,exact,exact,exact,exact,exact,yes,
34638,26-1034,200,exact,exact,exact,exact,exact,yes,
4785,24-0208,200,exact,exact,exact,exact,exact,yes,
5638,24-1003,200,exact,exact,exact,exact,exact,yes,
15947,199188,200,exact,exact,exact,exact,exact,yes,
26015,209325,200,exact,exact,exact,exact,exact,yes,
17636,200959,200,exact,exact,exact,exact,exact,yes,
10636,193882,200,exact,exact,exact,exact,exact,yes,
7042,190350,200,exact,exact,exact,exact,exact,yes,
9695,193018,200,exact,exact,exact,exact,exact,yes,
4590,24-0033,200,exact,exact,exact,exact,exact,yes,
11810,195076,200,exact,exact,exact,exact,exact,yes,
10695,193978,200,exact,exact,exact,exact,exact,yes,
6762,190067,200,exact,exact,exact,exact,exact,yes,
18756,202071,200,exact,exact,exact,exact,exact,yes,
29516,212780,200,exact,exact,exact,exact,exact,yes,
5594,24-0960,200,exact,exact,exact,exact,exact,yes,
19169,202449,200,exact,exact,exact,exact,exact,yes,
20642,203932,200,exact,exact,exact,exact,exact,yes,
7084,190392,200,exact,exact,exact,exact,exact,yes,
6276,189585,200,exact,exact,exact,exact,exact,yes,
5848,189153,200,exact,exact,exact,exact,exact,yes,
12973,196195,200,exact,exact,exact,exact,exact,yes,
12423,195696,200,exact,exact,exact,exact,exact,yes,
25072,208340,200,exact,exact,exact,exact,exact,yes,
26881,210146,200,exact,exact,exact,exact,exact,yes,
2735,23-0249,200,exact,exact,exact,exact,exact,yes,
14085,197361,200,exact,exact,exact,exact,exact,yes,
32207,25-0615,200,exact,exact,exact,exact,exact,yes,
17280,200614,200,exact,exact,exact,exact,exact,yes,
15040,198326,200,exact,exact,exact,exact,exact,yes,
4988,24-0396,200,exact,exact,exact,exact,exact,yes,
25727,208974,200,exact,exact,exact,exact,exact,yes,
3213,23-0676,200,exact,exact,exact,exact,exact,yes,
33936,26-0370,200,exact,exact,exact,exact,exact,yes,
10627,193917,200,exact,exact,exact,exact,exact,yes,
8988,192286,200,exact,exact,exact,exact,exact,yes,
19633,202945,200,exact,exact,exact,exact,exact,yes,
30949,24-1223,200,exact,exact,exact,exact,exact,yes,
6835,190135,200,exact,exact,exact,exact,exact,yes,
27714,211000,200,exact,exact,exact,exact,exact,yes,
19401,202677,200,exact,exact,exact,exact,exact,yes,
13352,196625,200,exact,exact,exact,exact,exact,yes,
11324,194630,200,exact,exact,exact,exact,exact,yes,
12656,195900,200,exact,exact,exact,exact,exact,yes,
19513,202783,200,exact,exact,exact,exact,exact,yes,
32695,25-1084,200,exact,exact,exact,exact,exact,yes,
21276,204548,200,exact,exact,exact,exact,exact,yes,
12314,195609,200,exact,exact,exact,exact,exact,yes,
20527,203735,200,exact,exact,exact,exact,exact,yes,
12695,196012,200,exact,exact,exact,exact,exact,yes,
3915,23-1295,200,exact,exact,exact,exact,exact,yes,
15187,198444,200,exact,exact,exact,exact,exact,yes,
24944,208162,200,exact,exact,exact,exact,exact,yes,
11099,194348,200,exact,exact,exact,exact,exact,yes,
26628,209870,200,exact,exact,exact,exact,exact,yes,
20506,203794,200,exact,exact,exact,exact,exact,yes,
22213,205572,200,exact,exact,exact,exact,exact,yes,
24122,207360,200,exact,exact,exact,exact,exact,yes,
4268,23-1619,200,exact,exact,exact,exact,exact,yes,
11813,195089,200,exact,exact,exact,exact,exact,yes,
22026,205281,200,exact,exact,exact,exact,exact,yes,
16822,200070,200,exact,exact,exact,exact,exact,yes,
28446,211720,200,exact,exact,exact,exact,exact,yes,
17200,200488,200,exact,exact,exact,exact,exact,yes,
10178,193544,200,exact,exact,exact,exact,exact,yes,
4040,23-1411,200,exact,exact,exact,exact,exact,yes,
6953,190263,200,exact,exact,exact,exact,exact,yes,
26136,209391,200,exact,exact,exact,exact,exact,yes,
27356,210623,200,exact,exact,exact,exact,exact,yes,
32836,25-1222,200,exact,exact,exact,exact,exact,yes,
29993,213386,200,exact,exact,exact,exact,exact,yes,
15246,198524,200,exact,exact,exact,exact,exact,yes,
3667,23-1081,200,exact,exact,exact,exact,exact,yes,
16217,199528,200,exact,exact,exact,exact,exact,yes,
24746,208034,200,exact,exact,exact,exact,exact,yes,
4305,23-1653,200,exact,exact,exact,exact,exact,yes,
23789,207050,200,exact,exact,exact,exact,exact,yes,
7181,190450,200,exact,exact,exact,exact,exact,yes,
5088,24-0492,200,exact,exact,exact,exact,exact,yes,
22592,205867,200,exact,exact,exact,exact,exact,yes,
1561,22-0052,200,exact,exact,exact,exact,exact,yes,
4061,23-1430,200,exact,exact,exact,exact,exact,yes,
21628,204880,200,exact,exact,exact,exact,exact,yes,
16892,200173,200,exact,exact,exact,exact,exact,yes,
4886,24-0300,200,exact,exact,exact,exact,exact,yes,
5268,24-0667,200,exact,exact,exact,exact,exact,yes,
14262,197457,200,exact,exact,exact,exact,exact,yes,
19220,202500,200,exact,exact,exact,exact,exact,yes,
26987,210233,200,exact,exact,exact,exact,exact,yes,
31339,24-1582,200,exact,exact,exact,exact,exact,yes,
24901,208146,200,exact,exact,exact,exact,exact,yes,
20711,204071,200,exact,exact,exact,exact,exact,yes,
16437,199838,200,exact,exact,exact,exact,exact,yes,
26508,209786,200,exact,exact,exact,exact,exact,yes,
29769,213101,200,exact,exact,exact,exact,exact,yes,
29147,212437,200,exact,exact,exact,exact,exact,yes,
13372,196629,200,exact,exact,exact,exact,exact,yes,
11599,194823,200,exact,exact,exact,exact,exact,yes,
29056,212330,200,exact,exact,exact,exact,exact,yes,
21037,204314,200,exact,exact,exact,exact,exact,yes,
14456,197735,200,exact,exact,exact,exact,exact,yes,
30066,213418,200,exact,exact,exact,exact,exact,yes,
26747,209991,200,exact,exact,exact,exact,exact,yes,
26435,209670,200,exact,exact,exact,exact,exact,yes,
23828,207085,200,exact,exact,exact,exact,exact,yes,
1536,22-0057,200,exact,exact,exact,exact,exact,yes,
13338,196611,200,exact,exact,exact,exact,exact,yes,
10048,193337,200,exact,exact,exact,exact,exact,yes,
20970,204249,200,exact,exact,exact,exact,exact,yes,
3936,23-1314,200,exact,exact,exact,exact,exact,yes,
6024,189264,200,exact,exact,exact,exact,exact,yes,
6005,189251,200,exact,exact,exact,exact,exact,yes,
24092,207409,200,exact,exact,exact,exact,exact,yes,
13064,196347,200,exact,exact,exact,exact,exact,yes,
23681,206938,200,exact,exact,exact,exact,exact,yes,
8475,191784,200,exact,exact,exact,exact,exact,yes,
14610,197884,200,exact,exact,exact,exact,exact,yes,
29610,212832,200,exact,exact,exact,exact,exact,yes,
3727,23-1136,200,exact,exact,exact,exact,exact,yes,
2061,22-1773,200,exact,exact,exact,exact,exact,yes,
21100,204373,200,exact,exact,exact,exact,exact,yes,
12454,195732,200,exact,exact,exact,exact,exact,yes,
30194,213567,200,exact,exact,exact,exact,exact,yes,
27039,210307,200,exact,exact,exact,exact,exact,yes,
32954,25-1324,200,exact,exact,exact,exact,exact,yes,
26182,209454,200,exact,exact,exact,exact,exact,yes,
20775,204046,200,exact,exact,exact,exact,exact,yes,
9003,192313,200,exact,exact,exact,exact,exact,yes,
21082,204356,200,exact,exact,exact,exact,exact,yes,
18519,201800,200,exact,exact,exact,exact,exact,yes,
28052,211337,200,exact,exact,exact,exact,exact,yes,
9787,193129,200,exact,exact,exact,exact,exact,yes,
25118,208376,200,exact,exact,exact,exact,exact,yes,
33401,25-1751,200,exact,exact,exact,exact,exact,yes,
19068,202366,200,exact,exact,exact,exact,exact,yes,
20769,204041,200,exact,exact,exact,exact,exact,yes,
17609,200937,200,exact,exact,exact,exact,exact,yes,
5441,24-0830,200,exact,exact,exact,exact,exact,yes,
12771,196057,200,exact,exact,exact,exact,exact,yes,
13722,197014,200,exact,exact,exact,exact,exact,yes,
23239,206541,200,exact,exact,exact,exact,exact,yes,
27013,210224,200,exact,exact,exact,exact,exact,yes,
17575,200850,200,exact,exact,exact,exact,exact,yes,
17484,200765,200,exact,exact,exact,exact,exact,yes,
14941,198206,200,exact,exact,exact,exact,exact,yes,
13455,196730,200,exact,exact,exact,exact,exact,yes,
21681,204960,200,exact,exact,exact,exact,exact,yes,
21095,204367,200,exact,exact,exact,exact,exact,yes,
6570,189893,200,exact,exact,exact,exact,exact,yes,
23659,206936,200,exact,exact,exact,exact,exact,yes,
8076,191366,200,exact,exact,exact,exact,exact,yes,
9616,192789,200,exact,exact,exact,exact,exact,yes,
17808,201093,200,exact,exact,exact,exact,exact,yes,
9419,192712,200,exact,exact,exact,exact,exact,yes,
33361,25-1714,200,exact,exact,exact,exact,exact,yes,
9851,193071,200,exact,exact,exact,exact,exact,yes,
7288,190631,200,exact,exact,exact,exact,exact,yes,
2409,22-2122,200,exact,exact,exact,exact,exact,yes,
1726,22-1444,200,exact,exact,exact,exact,exact,yes,
29214,212527,200,exact,exact,exact,exact,exact,yes,
28146,211426,200,exact,exact,exact,exact,exact,yes,
19652,202942,200,exact,exact,exact,exact,exact,yes,
12172,195438,200,exact,exact,exact,exact,exact,yes,
29438,212882,200,exact,exact,exact,exact,exact,yes,
5516,24-0896,200,exact,exact,exact,exact,exact,yes,
5084,24-0488,200,exact,exact,exact,exact,exact,yes,
29073,212323,200,exact,exact,exact,exact,exact,yes,
9062,192395,200,exact,exact,exact,exact,exact,yes,
13551,196817,200,exact,exact,exact,exact,exact,yes,
5721,189068,200,exact,exact,exact,exact,exact,yes,
3367,23-0823,200,exact,exact,exact,exact,exact,yes,
5627,24-0992,200,exact,exact,exact,exact,exact,yes,
7842,191147,200,exact,exact,exact,exact,exact,yes,
8118,191421,200,exact,exact,exact,exact,exact,yes,
13288,196546,200,exact,exact,exact,exact,exact,yes,
16739,200014,200,exact,exact,exact,exact,exact,yes,
3351,23-0814,200,exact,exact,exact,exact,exact,yes,
21264,204647,200,exact,exact,exact,exact,exact,yes,
10220,193449,200,exact,exact,exact,exact,exact,yes,
16292,199574,200,exact,exact,exact,exact,exact,yes,
20655,203938,200,exact,exact,exact,exact,exact,yes,
28364,211638,200,exact,exact,exact,exact,exact,yes,
23445,206727,200,exact,exact,exact,exact,exact,yes,
28987,212301,200,exact,exact,exact,exact,exact,yes,
29749,213030,200,exact,exact,exact,exact,exact,yes,
29627,212854,200,exact,exact,exact,exact,exact,yes,
23284,206563,200,exact,exact,exact,exact,exact,yes,
21466,204740,200,exact,exact,exact,exact,exact,yes,
3416,23-0862,200,exact,exact,exact,exact,exact,yes,
10570,193858,200,exact,exact,exact,exact,exact,yes,
26907,210189,200,exact,exact,exact,exact,exact,yes,
28206,211561,200,exact,exact,exact,exact,exact,yes,
15306,198590,200,exact,exact,exact,exact,exact,yes,
25696,209010,200,exact,exact,exact,exact,exact,yes,
32261,25-0668,200,exact,exact,exact,exact,exact,yes,
31121,24-1384,200,exact,exact,exact,exact,exact,yes,
17227,200559,200,exact,exact,exact,exact,exact,yes,
34010,26-0443,200,exact,exact,exact,exact,exact,yes,
24463,207899,200,exact,exact,exact,exact,exact,yes,
4130,23-1498,200,exact,exact,exact,exact,exact,yes,
29394,212677,200,exact,exact,exact,exact,exact,yes,
27907,211178,200,exact,exact,exact,exact,exact,yes,
30163,213487,200,exact,exact,exact,exact,exact,yes,
25405,208706,200,exact,exact,exact,exact,exact,yes,
15865,199235,200,exact,exact,exact,exact,exact,yes,
11499,194789,200,exact,exact,exact,exact,exact,yes,
33296,25-1650,200,exact,exact,exact,exact,exact,yes,
1888,22-1600,200,exact,exact,exact,exact,exact,yes,
32796,25-1183,200,exact,exact,exact,exact,exact,yes,
13356,196734,200,exact,exact,exact,exact,exact,yes,
31867,25-0290,200,exact,exact,exact,exact,exact,yes,
25824,209074,200,exact,exact,exact,exact,exact,yes,
5577,24-0951,200,exact,exact,exact,exact,exact,yes,
6270,189573,200,exact,exact,exact,exact,exact,yes,
6502,189801,200,exact,exact,exact,exact,exact,yes,
15643,198922,200,exact,exact,exact,exact,exact,yes,
6136,189502,200,exact,exact,exact,exact,exact,yes,
19641,202958,200,exact,exact,exact,exact,exact,yes,
23365,206719,200,exact,exact,exact,exact,exact,yes,
24270,207556,200,exact,exact,exact,exact,exact,yes,
20100,203454,200,exact,exact,exact,exact,exact,yes,
9599,192807,200,exact,exact,exact,exact,exact,yes,
18807,202090,200,exact,exact,exact,exact,exact,yes,
24253,207499,200,exact,exact,exact,exact,exact,yes,
14033,197320,200,exact,exact,exact,exact,exact,yes,
8920,192176,200,exact,exact,exact,exact,exact,yes,
14130,197406,200,exact,exact,exact,exact,exact,yes,
24473,207785,200,exact,exact,exact,exact,exact,yes,
20524,203822,200,exact,exact,exact,exact,exact,yes,
24830,208114,200,exact,exact,exact,exact,exact,yes,
23368,206646,200,exact,exact,exact,exact,exact,yes,
30171,213475,200,exact,exact,exact,exact,exact,yes,
28286,211569,200,exact,exact,exact,exact,exact,yes,
25218,208526,200,exact,exact,exact,exact,exact,yes,
18372,201654,200,exact,exact,exact,exact,exact,yes,
14692,198013,200,exact,exact,exact,exact,exact,yes,
7364,190658,200,exact,exact,exact,exact,exact,yes,
10043,193324,200,exact,exact,exact,exact,exact,yes,
20791,203970,200,exact,exact,exact,exact,exact,yes,
22342,205443,200,exact,exact,exact,exact,exact,yes,
31489,24-1725,200,exact,exact,exact,exact,exact,yes,
8454,191724,200,exact,exact,exact,exact,exact,yes,
24967,208272,200,exact,exact,exact,exact,exact,yes,
16220,199496,200,exact,exact,exact,exact,exact,yes,
7505,190808,200,exact,exact,exact,exact,exact,yes,
31636,25-0083,200,exact,exact,exact,exact,exact,yes,
29400,212671,200,exact,exact,exact,exact,exact,yes,
24812,208094,200,exact,exact,exact,exact,exact,yes,
33434,25-1775,200,exact,exact,exact,exact,exact,yes,
15336,198620,200,exact,exact,exact,exact,exact,yes,
10485,193798,200,exact,exact,exact,exact,exact,yes,
24346,207625,200,exact,exact,exact,exact,exact,yes,
17353,200754,200,exact,exact,exact,exact,exact,yes,
14965,198259,200,exact,exact,exact,exact,exact,yes,
26553,209876,200,exact,exact,exact,exact,exact,yes,
2008,22-1720,200,exact,exact,exact,exact,exact,yes,
2650,23-0181,200,exact,exact,exact,exact,exact,yes,
7636,190942,200,exact,exact,exact,exact,exact,yes,
25848,209136,200,exact,exact,exact,exact,exact,yes,
33421,25-1763,200,exact,exact,exact,exact,exact,yes,
16076,199304,200,exact,exact,exact,exact,exact,yes,
10857,194147,200,exact,exact,exact,exact,exact,yes,
25332,208592,200,exact,exact,exact,exact,exact,yes,
34378,26-0791,200,exact,exact,exact,exact,exact,yes,
25087,208410,200,exact,exact,exact,exact,exact,yes,
7242,190550,200,exact,exact,exact,exact,exact,yes,
30806,24-1085,200,exact,exact,exact,exact,exact,yes,
19521,202792,200,exact,exact,exact,exact,exact,yes,
13849,197109,200,exact,exact,exact,exact,exact,yes,
4917,24-0331,200,exact,exact,exact,exact,exact,yes,
32143,25-0548,200,exact,exact,exact,exact,exact,yes,
7597,190894,200,exact,exact,exact,exact,exact,yes,
25686,208990,200,exact,exact,exact,exact,exact,yes,
9587,192888,200,exact,exact,exact,exact,exact,yes,
6025,189267,200,exact,exact,exact,exact,exact,yes,
11488,194769,200,exact,exact,exact,exact,exact,yes,
5048,24-0453,200,exact,exact,exact,exact,exact,yes,
26995,210250,200,exact,exact,exact,exact,exact,yes,
3453,23-0899,200,exact,exact,exact,exact,exact,yes,
27704,211010,200,exact,exact,exact,exact,exact,yes,
28154,211433,200,exact,exact,exact,exact,exact,yes,
1426,22-0980,200,exact,exact,exact,exact,exact,yes,
31176,24-1434,200,exact,exact,exact,exact,exact,yes,
19340,202658,200,exact,exact,exact,exact,exact,yes,
11145,194432,200,exact,exact,exact,exact,exact,yes,
9960,193246,200,exact,exact,exact,exact,exact,yes,
12236,195514,200,exact,exact,exact,exact,exact,yes,
33427,25-1769,200,exact,exact,exact,exact,exact,yes,
15565,198757,200,exact,exact,exact,exact,exact,yes,
23034,206314,200,exact,exact,exact,exact,exact,yes,
15449,198768,200,exact,exact,exact,exact,exact,yes,
16147,199424,200,exact,exact,exact,exact,exact,yes,
34086,26-0515,200,exact,exact,exact,exact,exact,yes,
8164,191464,200,exact,exact,exact,exact,exact,yes,
19092,202346,200,exact,exact,exact,exact,exact,yes,
29181,212462,200,exact,exact,exact,exact,exact,yes,
15066,198341,200,exact,exact,exact,exact,exact,yes,
10950,194201,200,exact,exact,exact,exact,exact,yes,
11143,194437,200,exact,exact,exact,exact,exact,yes,
27785,211044,200,exact,exact,exact,exact,exact,yes,
24101,207393,200,exact,exact,exact,exact,exact,yes,
24505,207815,200,exact,exact,exact,exact,exact,yes,
31586,25-0035,200,exact,exact,exact,exact,exact,yes,
23723,207005,200,exact,exact,exact,exact,exact,yes,
28072,211360,200,exact,exact,exact,exact,exact,yes,
12914,196256,200,exact,exact,exact,exact,exact,yes,
26878,210127,200,exact,exact,exact,exact,exact,yes,
10651,193928,200,exact,exact,exact,exact,exact,yes,
27906,211177,200,exact,exact,exact,exact,exact,yes,
20364,203631,200,exact,exact,exact,exact,exact,yes,
17373,200663,200,exact,exact,exact,exact,exact,yes,
18095,201316,200,exact,exact,exact,exact,exact,yes,
13144,196471,200,exact,exact,exact,exact,exact,yes,
31627,25-0076,200,exact,exact,exact,exact,exact,yes,
29823,213152,200,exact,exact,exact,exact,exact,yes,
4621,24-0060,200,exact,exact,exact,exact,exact,yes,
8679,191970,200,exact,exact,exact,exact,exact,yes,
10787,194114,200,exact,exact,exact,exact,exact,yes,
18862,202141,200,exact,exact,exact,exact,exact,yes,
20556,203838,200,exact,exact,exact,exact,exact,yes,
5861,188986,200,exact,exact,exact,exact,exact,yes,
2582,23-0123,200,exact,exact,exact,exact,exact,yes,
34147,26-0575,200,exact,exact,exact,exact,exact,yes,
19154,202435,200,exact,exact,exact,exact,exact,yes,
28121,211398,200,exact,exact,exact,exact,exact,yes,
5130,24-0534,200,exact,exact,exact,exact,exact,yes,
21067,204348,200,exact,exact,exact,exact,exact,yes,
7944,191264,200,exact,exact,exact,exact,exact,yes,
23872,207147,200,exact,exact,exact,exact,exact,yes,
32141,25-0546,200,exact,exact,exact,exact,exact,yes,
29626,212853,200,exact,exact,exact,exact,exact,yes,
14058,197295,200,exact,exact,exact,exact,exact,yes,
5785,189224,200,exact,exact,exact,exact,exact,yes,
17910,201211,200,exact,exact,exact,exact,exact,yes,
9640,192924,200,exact,exact,exact,exact,exact,yes,
34758,26-1144,200,exact,exact,exact,exact,exact,yes,
28808,212115,200,exact,exact,exact,exact,exact,yes,
32108,25-0515,200,exact,exact,exact,exact,exact,yes,
23484,206800,200,exact,exact,exact,exact,exact,yes,
17945,201231,200,exact,exact,exact,exact,exact,yes,
15078,198352,200,exact,exact,exact,exact,exact,yes,
4938,24-0351,200,exact,exact,exact,exact,exact,yes,
18743,202028,200,exact,exact,exact,exact,exact,yes,
18659,201865,200,exact,exact,exact,exact,exact,yes,
28363,211637,200,exact,exact,exact,exact,exact,yes,
3684,23-1098,200,exact,exact,exact,exact,exact,yes,
6596,189883,200,exact,exact,exact,exact,exact,yes,
17276,200536,200,exact,exact,exact,exact,exact,yes,
29972,213300,200,exact,exact,exact,exact,exact,yes,
7570,190880,200,exact,exact,exact,exact,exact,yes,
34779,26-1165,200,exact,exact,exact,exact,exact,yes,
30859,24-1137,200,exact,exact,exact,exact,exact,yes,
32330,25-0737,200,exact,exact,exact,exact,exact,yes,
22133,205415,200,exact,exact,exact,exact,exact,yes,
6122,189485,200,exact,exact,exact,exact,exact,yes,
27588,210835,200,exact,exact,exact,exact,exact,yes,
15566,198758,200,exact,exact,exact,exact,exact,yes,
20865,204136,200,exact,exact,exact,exact,exact,yes,
11606,194830,200,exact,exact,exact,exact,exact,yes,
15567,198759,200,exact,exact,exact,exact,exact,yes,
7317,190640,200,exact,exact,exact,exact,exact,yes,
32054,25-0461,200,exact,exact,exact,exact,exact,yes,
8185,191447,200,exact,exact,exact,exact,exact,yes,
20823,204001,200,exact,exact,exact,exact,exact,yes,
32339,25-0745,200,exact,exact,exact,exact,exact,yes,
31671,25-0114,200,exact,exact,exact,exact,exact,yes,
18754,202037,200,exact,exact,exact,exact,exact,yes,
10868,194165,200,exact,exact,exact,exact,exact,yes,
16265,199515,200,exact,exact,exact,exact,exact,yes,
1500,22-1433,200,exact,exact,exact,exact,exact,yes,
26083,209416,200,exact,exact,exact,exact,exact,yes,
10669,193965,200,exact,exact,exact,exact,exact,yes,
28799,212084,200,exact,exact,exact,exact,exact,yes,
4209,23-1567,200,exact,exact,exact,exact,exact,yes,
30712,214134,200,exact,exact,exact,exact,exact,yes,
23764,207096,200,exact,exact,exact,exact,exact,yes,
5774,189202,200,exact,exact,exact,exact,exact,yes,
11275,194615,200,exact,exact,exact,exact,exact,yes,
19510,202781,200,exact,exact,exact,exact,exact,yes,
6801,190162,200,exact,exact,exact,exact,exact,yes,
14702,198040,200,exact,exact,exact,exact,exact,yes,
10105,193393,200,exact,exact,exact,exact,exact,yes,
30306,213612,200,exact,exact,exact,exact,exact,yes,
25199,208539,200,exact,exact,exact,exact,exact,yes,
24692,207928,200,exact,exact,exact,exact,exact,yes,
16878,200154,200,exact,exact,exact,exact,exact,yes,
25771,209083,200,exact,exact,exact,exact,exact,yes,
18285,201564,200,exact,exact,exact,exact,exact,yes,
3625,23-1044,200,exact,exact,exact,exact,exact,yes,
1900,22-1612,200,exact,exact,exact,exact,exact,yes,
5356,24-0751,200,exact,exact,exact,exact,exact,yes,
7286,190586,200,exact,exact,exact,exact,exact,yes,
6520,189834,200,exact,exact,exact,exact,exact,yes,
28136,211395,200,exact,exact,exact,exact,exact,yes,
7388,190682,200,exact,exact,exact,exact,exact,yes,
9477,192833,200,exact,exact,exact,exact,exact,yes,
23123,206391,200,exact,exact,exact,exact,exact,yes,
29536,212903,200,exact,exact,exact,exact,exact,yes,
25371,208656,200,exact,exact,exact,exact,exact,yes,
6439,189674,200,exact,exact,exact,exact,exact,yes,
28277,211564,200,exact,exact,exact,exact,exact,yes,
31195,24-1451,200,exact,exact,exact,exact,exact,yes,
1483,22-1305,200,exact,exact,exact,exact,exact,yes,
26835,210114,200,exact,exact,exact,exact,exact,yes,
8935,192251,200,exact,exact,exact,exact,exact,yes,
30643,214061,200,exact,exact,exact,exact,exact,yes,
3209,23-0672,200,exact,exact,exact,exact,exact,yes,
25517,208808,200,exact,exact,exact,exact,exact,yes,
32181,25-0586,200,exact,exact,exact,exact,exact,yes,
30088,213499,200,exact,exact,exact,exact,exact,yes,
28113,211411,200,exact,exact,exact,exact,exact,yes,
27180,210453,200,exact,exact,exact,exact,exact,yes,
5195,24-0597,200,exact,exact,exact,exact,exact,yes,
20435,203711,200,exact,exact,exact,exact,exact,yes,
18237,201519,200,exact,exact,exact,exact,exact,yes,
15709,199038,200,exact,exact,exact,exact,exact,yes,
2377,22-2089,200,exact,exact,exact,exact,exact,yes,
7538,190817,200,exact,exact,exact,exact,exact,yes,
2477,23-0009,200,exact,exact,exact,exact,exact,yes,
18378,201724,200,exact,exact,exact,exact,exact,yes,
14557,197763,200,exact,exact,exact,exact,exact,yes,
18143,201481,200,exact,exact,exact,exact,exact,yes,
18296,201574,200,exact,exact,exact,exact,exact,yes,
10864,194154,200,exact,exact,exact,exact,exact,yes,
3519,23-0953,200,exact,exact,exact,exact,exact,yes,
9562,192874,200,exact,exact,exact,exact,exact,yes,
11851,195137,200,exact,exact,exact,exact,exact,yes,
24320,207593,200,exact,exact,exact,exact,exact,yes,
15589,198738,200,exact,exact,exact,exact,exact,yes,
33326,25-1680,200,exact,exact,exact,exact,exact,yes,
2658,23-0187,200,exact,exact,exact,exact,exact,yes,
5588,24-0956,200,exact,exact,exact,exact,exact,yes,
22630,205961,200,exact,exact,exact,exact,exact,yes,
25217,208525,200,exact,exact,exact,exact,exact,yes,
14912,198237,200,exact,exact,exact,exact,exact,yes,
30286,213702,200,exact,exact,exact,exact,exact,yes,
25602,208849,200,exact,exact,exact,exact,exact,yes,
1380,22-1271,200,exact,exact,exact,exact,exact,yes,
31053,24-1323,200,exact,exact,exact,exact,exact,yes,
6665,189956,200,exact,exact,exact,exact,exact,yes,
24546,207861,200,exact,exact,exact,exact,exact,yes,
17779,201058,200,exact,exact,exact,exact,exact,yes,
31718,25-0161,200,exact,exact,exact,exact,exact,yes,
10694,193977,200,exact,exact,exact,exact,exact,yes,
26409,209643,200,exact,exact,exact,exact,exact,yes,
32674,25-1064,200,exact,exact,exact,exact,exact,yes,
4296,23-1645,200,exact,exact,exact,exact,exact,yes,
23497,206770,200,exact,exact,exact,exact,exact,yes,
21614,204866,200,exact,exact,exact,exact,exact,yes,
21702,205020,200,exact,exact,exact,exact,exact,yes,
27967,211249,200,exact,exact,exact,exact,exact,yes,
17437,200736,200,exact,exact,exact,exact,exact,yes,
34530,26-0932,200,exact,exact,exact,exact,exact,yes,
18777,202068,200,exact,exact,exact,exact,exact,yes,
21147,204426,200,exact,exact,exact,exact,exact,yes,
13211,196579,200,exact,exact,exact,exact,exact,yes,
19203,202482,200,exact,exact,exact,exact,exact,yes,
11718,195001,200,exact,exact,exact,exact,exact,yes,
9933,193203,200,exact,exact,exact,exact,exact,yes,
2957,23-0438,200,exact,exact,exact,exact,exact,yes,
3930,23-1309,200,exact,exact,exact,exact,exact,yes,
24478,207786,200,exact,exact,exact,exact,exact,yes,
33921,26-0360,200,exact,exact,exact,exact,exact,yes,
29695,212942,200,exact,exact,exact,exact,exact,yes,
12977,196284,200,exact,exact,exact,exact,exact,yes,
12401,195649,200,exact,exact,exact,exact,exact,yes,
15264,198498,200,exact,exact,exact,exact,exact,yes,
7418,190719,200,exact,exact,exact,exact,exact,yes,
19700,202982,200,exact,exact,exact,exact,exact,yes,
10524,193813,200,exact,exact,exact,exact,exact,yes,
27344,210622,200,exact,exact,exact,exact,exact,yes,
15579,198728,200,exact,exact,exact,exact,exact,yes,
3628,23-1047,200,exact,exact,exact,exact,exact,yes,
31093,24-1359,200,exact,exact,exact,exact,exact,yes,
31667,25-0110,200,exact,exact,exact,exact,exact,yes,
13520,196820,200,exact,exact,exact,exact,exact,yes,
34433,26-0842,200,exact,exact,exact,exact,exact,yes,
13679,196962,200,exact,exact,exact,exact,exact,yes,
23237,206539,200,exact,exact,exact,exact,exact,yes,
9427,192721,200,exact,exact,exact,exact,exact,yes,
21087,204358,200,exact,exact,exact,exact,exact,yes,
32462,25-0861,200,exact,exact,exact,exact,exact,yes,
10505,193758,200,exact,exact,exact,exact,exact,yes,
25552,208833,200,exact,exact,exact,exact,exact,yes,
7738,191039,200,exact,exact,exact,exact,exact,yes,
2400,22-2113,200,exact,exact,exact,exact,exact,yes,
29486,212747,200,exact,exact,exact,exact,exact,yes,
19805,203063,200,exact,exact,exact,exact,exact,yes,
10379,193659,200,exact,exact,exact,exact,exact,yes,
21576,204907,200,exact,exact,exact,exact,exact,yes,
26067,209347,200,exact,exact,exact,exact,exact,yes,
12056,195370,200,exact,exact,exact,exact,exact,yes,
8186,191612,200,exact,exact,exact,exact,exact,yes,
17585,200901,200,exact,exact,exact,exact,exact,yes,
12555,195804,200,exact,exact,exact,exact,exact,yes,
25006,208319,200,exact,exact,exact,exact,exact,yes,
27826,211108,200,exact,exact,exact,exact,exact,yes,
11292,194545,200,exact,exact,exact,exact,exact,yes,
27822,211104,200,exact,exact,exact,exact,exact,yes,
